"","KO"
"1","K00002"
"2","K00003"
"3","K00004"
"4","K00005"
"5","K00008"
"6","K00009"
"7","K00010"
"8","K00012"
"9","K00013"
"10","K00014"
"11","K00016"
"12","K00018"
"13","K00023"
"14","K00024"
"15","K00027"
"16","K00029"
"17","K00030"
"18","K00031"
"19","K00033"
"20","K00036"
"21","K00040"
"22","K00041"
"23","K00042"
"24","K00045"
"25","K00046"
"26","K00048"
"27","K00052"
"28","K00053"
"29","K00057"
"30","K00058"
"31","K00059"
"32","K00060"
"33","K00065"
"34","K00067"
"35","K00068"
"36","K00074"
"37","K00075"
"38","K00077"
"39","K00088"
"40","K00090"
"41","K00096"
"42","K00097"
"43","K00099"
"44","K00101"
"45","K00104"
"46","K00108"
"47","K00111"
"48","K00112"
"49","K00113"
"50","K00116"
"51","K00117"
"52","K00121"
"53","K00123"
"54","K00124"
"55","K00127"
"56","K00128"
"57","K00130"
"58","K00133"
"59","K00134"
"60","K00135"
"61","K00137"
"62","K00145"
"63","K00146"
"64","K00147"
"65","K00156"
"66","K00158"
"67","K00163"
"68","K00164"
"69","K00169"
"70","K00170"
"71","K00172"
"72","K00174"
"73","K00175"
"74","K00176"
"75","K00177"
"76","K00179"
"77","K00180"
"78","K00196"
"79","K00198"
"80","K00208"
"81","K00209"
"82","K00210"
"83","K00215"
"84","K00216"
"85","K00219"
"86","K00226"
"87","K00228"
"88","K00230"
"89","K00239"
"90","K00240"
"91","K00241"
"92","K00242"
"93","K00243"
"94","K00244"
"95","K00245"
"96","K00246"
"97","K00247"
"98","K00248"
"99","K00254"
"100","K00259"
"101","K00261"
"102","K00262"
"103","K00265"
"104","K00266"
"105","K00275"
"106","K00276"
"107","K00278"
"108","K00281"
"109","K00285"
"110","K00286"
"111","K00287"
"112","K00290"
"113","K00294"
"114","K00297"
"115","K00299"
"116","K00313"
"117","K00322"
"118","K00324"
"119","K00325"
"120","K00330"
"121","K00331"
"122","K00334"
"123","K00335"
"124","K00336"
"125","K00337"
"126","K00338"
"127","K00339"
"128","K00340"
"129","K00341"
"130","K00342"
"131","K00343"
"132","K00344"
"133","K00346"
"134","K00347"
"135","K00348"
"136","K00349"
"137","K00350"
"138","K00351"
"139","K00355"
"140","K00362"
"141","K00363"
"142","K00364"
"143","K00366"
"144","K00370"
"145","K00371"
"146","K00372"
"147","K00373"
"148","K00374"
"149","K00375"
"150","K00380"
"151","K00381"
"152","K00382"
"153","K00383"
"154","K00384"
"155","K00389"
"156","K00390"
"157","K00394"
"158","K00395"
"159","K00425"
"160","K00426"
"161","K00427"
"162","K00432"
"163","K00441"
"164","K00449"
"165","K00481"
"166","K00483"
"167","K00520"
"168","K00525"
"169","K00526"
"170","K00528"
"171","K00529"
"172","K00537"
"173","K00547"
"174","K00548"
"175","K00549"
"176","K00554"
"177","K00556"
"178","K00557"
"179","K00558"
"180","K00560"
"181","K00561"
"182","K00563"
"183","K00564"
"184","K00566"
"185","K00567"
"186","K00568"
"187","K00571"
"188","K00573"
"189","K00574"
"190","K00575"
"191","K00595"
"192","K00598"
"193","K00600"
"194","K00602"
"195","K00603"
"196","K00604"
"197","K00605"
"198","K00606"
"199","K00609"
"200","K00610"
"201","K00611"
"202","K00615"
"203","K00616"
"204","K00620"
"205","K00625"
"206","K00626"
"207","K00627"
"208","K00631"
"209","K00632"
"210","K00634"
"211","K00639"
"212","K00640"
"213","K00645"
"214","K00647"
"215","K00648"
"216","K00651"
"217","K00652"
"218","K00655"
"219","K00656"
"220","K00657"
"221","K00658"
"222","K00661"
"223","K00666"
"224","K00673"
"225","K00674"
"226","K00675"
"227","K00677"
"228","K00681"
"229","K00684"
"230","K00688"
"231","K00690"
"232","K00694"
"233","K00697"
"234","K00700"
"235","K00702"
"236","K00703"
"237","K00705"
"238","K00721"
"239","K00748"
"240","K00756"
"241","K00757"
"242","K00758"
"243","K00759"
"244","K00760"
"245","K00761"
"246","K00762"
"247","K00763"
"248","K00764"
"249","K00765"
"250","K00766"
"251","K00767"
"252","K00768"
"253","K00769"
"254","K00773"
"255","K00782"
"256","K00783"
"257","K00784"
"258","K00788"
"259","K00789"
"260","K00790"
"261","K00791"
"262","K00793"
"263","K00794"
"264","K00795"
"265","K00796"
"266","K00797"
"267","K00798"
"268","K00799"
"269","K00800"
"270","K00805"
"271","K00806"
"272","K00812"
"273","K00813"
"274","K00817"
"275","K00819"
"276","K00820"
"277","K00821"
"278","K00823"
"279","K00826"
"280","K00831"
"281","K00832"
"282","K00833"
"283","K00835"
"284","K00840"
"285","K00845"
"286","K00847"
"287","K00848"
"288","K00849"
"289","K00850"
"290","K00851"
"291","K00852"
"292","K00853"
"293","K00854"
"294","K00855"
"295","K00857"
"296","K00858"
"297","K00859"
"298","K00860"
"299","K00863"
"300","K00864"
"301","K00865"
"302","K00867"
"303","K00868"
"304","K00872"
"305","K00873"
"306","K00874"
"307","K00876"
"308","K00878"
"309","K00880"
"310","K00882"
"311","K00883"
"312","K00884"
"313","K00885"
"314","K00891"
"315","K00892"
"316","K00899"
"317","K00901"
"318","K00906"
"319","K00912"
"320","K00917"
"321","K00919"
"322","K00925"
"323","K00926"
"324","K00927"
"325","K00928"
"326","K00929"
"327","K00930"
"328","K00931"
"329","K00932"
"330","K00937"
"331","K00939"
"332","K00940"
"333","K00941"
"334","K00942"
"335","K00943"
"336","K00945"
"337","K00946"
"338","K00948"
"339","K00949"
"340","K00950"
"341","K00951"
"342","K00954"
"343","K00956"
"344","K00957"
"345","K00962"
"346","K00963"
"347","K00965"
"348","K00969"
"349","K00970"
"350","K00971"
"351","K00972"
"352","K00973"
"353","K00974"
"354","K00975"
"355","K00978"
"356","K00979"
"357","K00980"
"358","K00981"
"359","K00982"
"360","K00984"
"361","K00986"
"362","K00989"
"363","K00990"
"364","K00991"
"365","K00995"
"366","K00997"
"367","K00998"
"368","K01000"
"369","K01002"
"370","K01006"
"371","K01007"
"372","K01008"
"373","K01011"
"374","K01012"
"375","K01026"
"376","K01034"
"377","K01035"
"378","K01042"
"379","K01046"
"380","K01048"
"381","K01051"
"382","K01055"
"383","K01056"
"384","K01057"
"385","K01058"
"386","K01061"
"387","K01066"
"388","K01069"
"389","K01070"
"390","K01071"
"391","K01077"
"392","K01079"
"393","K01081"
"394","K01082"
"395","K01085"
"396","K01087"
"397","K01089"
"398","K01091"
"399","K01092"
"400","K01093"
"401","K01095"
"402","K01096"
"403","K01104"
"404","K01118"
"405","K01119"
"406","K01126"
"407","K01129"
"408","K01130"
"409","K01138"
"410","K01139"
"411","K01141"
"412","K01142"
"413","K01146"
"414","K01147"
"415","K01150"
"416","K01151"
"417","K01153"
"418","K01154"
"419","K01155"
"420","K01156"
"421","K01159"
"422","K01163"
"423","K01169"
"424","K01173"
"425","K01176"
"426","K01179"
"427","K01181"
"428","K01182"
"429","K01183"
"430","K01185"
"431","K01186"
"432","K01187"
"433","K01190"
"434","K01191"
"435","K01192"
"436","K01193"
"437","K01194"
"438","K01195"
"439","K01198"
"440","K01200"
"441","K01201"
"442","K01205"
"443","K01206"
"444","K01207"
"445","K01208"
"446","K01209"
"447","K01215"
"448","K01218"
"449","K01222"
"450","K01223"
"451","K01226"
"452","K01227"
"453","K01241"
"454","K01243"
"455","K01246"
"456","K01247"
"457","K01250"
"458","K01251"
"459","K01252"
"460","K01255"
"461","K01256"
"462","K01258"
"463","K01262"
"464","K01265"
"465","K01267"
"466","K01270"
"467","K01271"
"468","K01273"
"469","K01277"
"470","K01278"
"471","K01281"
"472","K01284"
"473","K01295"
"474","K01297"
"475","K01299"
"476","K01304"
"477","K01305"
"478","K01308"
"479","K01338"
"480","K01354"
"481","K01356"
"482","K01358"
"483","K01372"
"484","K01407"
"485","K01409"
"486","K01414"
"487","K01419"
"488","K01420"
"489","K01421"
"490","K01423"
"491","K01424"
"492","K01425"
"493","K01426"
"494","K01428"
"495","K01429"
"496","K01430"
"497","K01433"
"498","K01438"
"499","K01439"
"500","K01442"
"501","K01443"
"502","K01448"
"503","K01449"
"504","K01457"
"505","K01460"
"506","K01462"
"507","K01464"
"508","K01465"
"509","K01466"
"510","K01467"
"511","K01468"
"512","K01470"
"513","K01476"
"514","K01478"
"515","K01479"
"516","K01480"
"517","K01484"
"518","K01485"
"519","K01486"
"520","K01487"
"521","K01488"
"522","K01489"
"523","K01491"
"524","K01493"
"525","K01494"
"526","K01495"
"527","K01496"
"528","K01497"
"529","K01507"
"530","K01512"
"531","K01515"
"532","K01520"
"533","K01521"
"534","K01523"
"535","K01524"
"536","K01525"
"537","K01531"
"538","K01533"
"539","K01534"
"540","K01537"
"541","K01546"
"542","K01547"
"543","K01548"
"544","K01551"
"545","K01560"
"546","K01567"
"547","K01571"
"548","K01572"
"549","K01573"
"550","K01579"
"551","K01580"
"552","K01581"
"553","K01582"
"554","K01585"
"555","K01586"
"556","K01588"
"557","K01589"
"558","K01590"
"559","K01591"
"560","K01595"
"561","K01596"
"562","K01598"
"563","K01599"
"564","K01607"
"565","K01608"
"566","K01609"
"567","K01610"
"568","K01611"
"569","K01612"
"570","K01613"
"571","K01615"
"572","K01619"
"573","K01620"
"574","K01624"
"575","K01625"
"576","K01626"
"577","K01627"
"578","K01628"
"579","K01629"
"580","K01630"
"581","K01631"
"582","K01633"
"583","K01635"
"584","K01637"
"585","K01639"
"586","K01640"
"587","K01644"
"588","K01646"
"589","K01647"
"590","K01649"
"591","K01652"
"592","K01653"
"593","K01654"
"594","K01657"
"595","K01658"
"596","K01659"
"597","K01661"
"598","K01662"
"599","K01664"
"600","K01665"
"601","K01666"
"602","K01667"
"603","K01668"
"604","K01669"
"605","K01673"
"606","K01676"
"607","K01677"
"608","K01678"
"609","K01679"
"610","K01681"
"611","K01682"
"612","K01684"
"613","K01685"
"614","K01686"
"615","K01687"
"616","K01689"
"617","K01690"
"618","K01692"
"619","K01693"
"620","K01695"
"621","K01696"
"622","K01698"
"623","K01699"
"624","K01703"
"625","K01704"
"626","K01706"
"627","K01708"
"628","K01709"
"629","K01710"
"630","K01711"
"631","K01712"
"632","K01714"
"633","K01715"
"634","K01716"
"635","K01719"
"636","K01720"
"637","K01725"
"638","K01730"
"639","K01733"
"640","K01734"
"641","K01735"
"642","K01736"
"643","K01737"
"644","K01738"
"645","K01739"
"646","K01740"
"647","K01744"
"648","K01745"
"649","K01749"
"650","K01750"
"651","K01751"
"652","K01752"
"653","K01753"
"654","K01754"
"655","K01755"
"656","K01756"
"657","K01759"
"658","K01761"
"659","K01766"
"660","K01768"
"661","K01770"
"662","K01771"
"663","K01772"
"664","K01775"
"665","K01776"
"666","K01778"
"667","K01779"
"668","K01782"
"669","K01783"
"670","K01784"
"671","K01785"
"672","K01787"
"673","K01788"
"674","K01790"
"675","K01791"
"676","K01792"
"677","K01801"
"678","K01803"
"679","K01804"
"680","K01805"
"681","K01807"
"682","K01808"
"683","K01809"
"684","K01810"
"685","K01811"
"686","K01812"
"687","K01813"
"688","K01814"
"689","K01815"
"690","K01817"
"691","K01818"
"692","K01819"
"693","K01821"
"694","K01823"
"695","K01825"
"696","K01834"
"697","K01835"
"698","K01839"
"699","K01840"
"700","K01845"
"701","K01847"
"702","K01849"
"703","K01854"
"704","K01856"
"705","K01857"
"706","K01866"
"707","K01867"
"708","K01868"
"709","K01869"
"710","K01870"
"711","K01872"
"712","K01873"
"713","K01874"
"714","K01875"
"715","K01876"
"716","K01878"
"717","K01879"
"718","K01880"
"719","K01881"
"720","K01883"
"721","K01885"
"722","K01886"
"723","K01887"
"724","K01889"
"725","K01890"
"726","K01892"
"727","K01893"
"728","K01894"
"729","K01895"
"730","K01897"
"731","K01902"
"732","K01903"
"733","K01908"
"734","K01910"
"735","K01911"
"736","K01912"
"737","K01914"
"738","K01915"
"739","K01916"
"740","K01918"
"741","K01919"
"742","K01920"
"743","K01921"
"744","K01923"
"745","K01924"
"746","K01925"
"747","K01926"
"748","K01928"
"749","K01929"
"750","K01932"
"751","K01933"
"752","K01934"
"753","K01935"
"754","K01937"
"755","K01938"
"756","K01939"
"757","K01940"
"758","K01941"
"759","K01945"
"760","K01950"
"761","K01951"
"762","K01952"
"763","K01953"
"764","K01955"
"765","K01956"
"766","K01958"
"767","K01960"
"768","K01961"
"769","K01962"
"770","K01963"
"771","K01972"
"772","K01975"
"773","K01989"
"774","K01990"
"775","K01991"
"776","K01992"
"777","K01993"
"778","K01995"
"779","K01996"
"780","K01997"
"781","K01998"
"782","K01999"
"783","K02000"
"784","K02001"
"785","K02002"
"786","K02003"
"787","K02004"
"788","K02005"
"789","K02006"
"790","K02007"
"791","K02008"
"792","K02009"
"793","K02010"
"794","K02011"
"795","K02012"
"796","K02013"
"797","K02014"
"798","K02015"
"799","K02016"
"800","K02017"
"801","K02018"
"802","K02019"
"803","K02020"
"804","K02024"
"805","K02025"
"806","K02026"
"807","K02027"
"808","K02028"
"809","K02029"
"810","K02030"
"811","K02031"
"812","K02032"
"813","K02033"
"814","K02034"
"815","K02035"
"816","K02036"
"817","K02037"
"818","K02038"
"819","K02039"
"820","K02040"
"821","K02041"
"822","K02042"
"823","K02043"
"824","K02044"
"825","K02045"
"826","K02046"
"827","K02047"
"828","K02048"
"829","K02049"
"830","K02050"
"831","K02051"
"832","K02053"
"833","K02054"
"834","K02055"
"835","K02056"
"836","K02057"
"837","K02058"
"838","K02062"
"839","K02063"
"840","K02065"
"841","K02066"
"842","K02067"
"843","K02068"
"844","K02069"
"845","K02071"
"846","K02072"
"847","K02073"
"848","K02075"
"849","K02077"
"850","K02078"
"851","K02081"
"852","K02082"
"853","K02099"
"854","K02100"
"855","K02103"
"856","K02108"
"857","K02109"
"858","K02110"
"859","K02111"
"860","K02112"
"861","K02113"
"862","K02114"
"863","K02115"
"864","K02117"
"865","K02118"
"866","K02119"
"867","K02120"
"868","K02121"
"869","K02122"
"870","K02123"
"871","K02124"
"872","K02160"
"873","K02167"
"874","K02168"
"875","K02169"
"876","K02170"
"877","K02173"
"878","K02182"
"879","K02188"
"880","K02189"
"881","K02190"
"882","K02191"
"883","K02192"
"884","K02193"
"885","K02194"
"886","K02195"
"887","K02196"
"888","K02197"
"889","K02198"
"890","K02199"
"891","K02200"
"892","K02203"
"893","K02217"
"894","K02221"
"895","K02224"
"896","K02226"
"897","K02227"
"898","K02230"
"899","K02231"
"900","K02232"
"901","K02233"
"902","K02237"
"903","K02238"
"904","K02240"
"905","K02241"
"906","K02242"
"907","K02244"
"908","K02257"
"909","K02278"
"910","K02283"
"911","K02297"
"912","K02298"
"913","K02299"
"914","K02300"
"915","K02302"
"916","K02304"
"917","K02313"
"918","K02314"
"919","K02315"
"920","K02316"
"921","K02317"
"922","K02335"
"923","K02336"
"924","K02337"
"925","K02338"
"926","K02339"
"927","K02340"
"928","K02341"
"929","K02342"
"930","K02343"
"931","K02344"
"932","K02345"
"933","K02346"
"934","K02348"
"935","K02355"
"936","K02356"
"937","K02357"
"938","K02358"
"939","K02361"
"940","K02362"
"941","K02363"
"942","K02364"
"943","K02371"
"944","K02372"
"945","K02377"
"946","K02379"
"947","K02380"
"948","K02381"
"949","K02385"
"950","K02386"
"951","K02387"
"952","K02388"
"953","K02389"
"954","K02390"
"955","K02391"
"956","K02392"
"957","K02393"
"958","K02394"
"959","K02395"
"960","K02396"
"961","K02397"
"962","K02398"
"963","K02399"
"964","K02400"
"965","K02401"
"966","K02403"
"967","K02404"
"968","K02405"
"969","K02406"
"970","K02407"
"971","K02408"
"972","K02409"
"973","K02410"
"974","K02411"
"975","K02412"
"976","K02413"
"977","K02414"
"978","K02415"
"979","K02416"
"980","K02417"
"981","K02418"
"982","K02419"
"983","K02420"
"984","K02421"
"985","K02422"
"986","K02423"
"987","K02425"
"988","K02426"
"989","K02427"
"990","K02428"
"991","K02429"
"992","K02430"
"993","K02431"
"994","K02433"
"995","K02434"
"996","K02435"
"997","K02437"
"998","K02438"
"999","K02439"
"1000","K02440"
"1001","K02441"
"1002","K02443"
"1003","K02445"
"1004","K02446"
"1005","K02457"
"1006","K02463"
"1007","K02467"
"1008","K02468"
"1009","K02469"
"1010","K02470"
"1011","K02471"
"1012","K02472"
"1013","K02474"
"1014","K02477"
"1015","K02478"
"1016","K02481"
"1017","K02483"
"1018","K02485"
"1019","K02492"
"1020","K02493"
"1021","K02494"
"1022","K02495"
"1023","K02499"
"1024","K02500"
"1025","K02501"
"1026","K02502"
"1027","K02503"
"1028","K02504"
"1029","K02505"
"1030","K02506"
"1031","K02507"
"1032","K02510"
"1033","K02517"
"1034","K02518"
"1035","K02519"
"1036","K02520"
"1037","K02521"
"1038","K02523"
"1039","K02525"
"1040","K02526"
"1041","K02527"
"1042","K02528"
"1043","K02529"
"1044","K02532"
"1045","K02533"
"1046","K02535"
"1047","K02536"
"1048","K02548"
"1049","K02549"
"1050","K02551"
"1051","K02552"
"1052","K02553"
"1053","K02554"
"1054","K02556"
"1055","K02557"
"1056","K02558"
"1057","K02560"
"1058","K02563"
"1059","K02564"
"1060","K02566"
"1061","K02567"
"1062","K02570"
"1063","K02572"
"1064","K02573"
"1065","K02575"
"1066","K02585"
"1067","K02586"
"1068","K02587"
"1069","K02588"
"1070","K02591"
"1071","K02594"
"1072","K02600"
"1073","K02601"
"1074","K02609"
"1075","K02611"
"1076","K02612"
"1077","K02613"
"1078","K02614"
"1079","K02615"
"1080","K02616"
"1081","K02618"
"1082","K02619"
"1083","K02621"
"1084","K02622"
"1085","K02624"
"1086","K02637"
"1087","K02647"
"1088","K02650"
"1089","K02652"
"1090","K02653"
"1091","K02654"
"1092","K02662"
"1093","K02669"
"1094","K02679"
"1095","K02680"
"1096","K02681"
"1097","K02682"
"1098","K02686"
"1099","K02687"
"1100","K02688"
"1101","K02742"
"1102","K02744"
"1103","K02746"
"1104","K02749"
"1105","K02750"
"1106","K02752"
"1107","K02753"
"1108","K02755"
"1109","K02756"
"1110","K02757"
"1111","K02759"
"1112","K02760"
"1113","K02761"
"1114","K02768"
"1115","K02769"
"1116","K02770"
"1117","K02773"
"1118","K02774"
"1119","K02775"
"1120","K02777"
"1121","K02778"
"1122","K02779"
"1123","K02781"
"1124","K02782"
"1125","K02783"
"1126","K02784"
"1127","K02786"
"1128","K02790"
"1129","K02791"
"1130","K02793"
"1131","K02794"
"1132","K02795"
"1133","K02796"
"1134","K02798"
"1135","K02799"
"1136","K02800"
"1137","K02803"
"1138","K02804"
"1139","K02806"
"1140","K02808"
"1141","K02809"
"1142","K02810"
"1143","K02812"
"1144","K02818"
"1145","K02819"
"1146","K02821"
"1147","K02822"
"1148","K02823"
"1149","K02824"
"1150","K02825"
"1151","K02834"
"1152","K02835"
"1153","K02836"
"1154","K02837"
"1155","K02838"
"1156","K02841"
"1157","K02843"
"1158","K02844"
"1159","K02846"
"1160","K02847"
"1161","K02848"
"1162","K02849"
"1163","K02850"
"1164","K02851"
"1165","K02852"
"1166","K02853"
"1167","K02854"
"1168","K02855"
"1169","K02856"
"1170","K02858"
"1171","K02859"
"1172","K02860"
"1173","K02863"
"1174","K02864"
"1175","K02867"
"1176","K02871"
"1177","K02874"
"1178","K02876"
"1179","K02878"
"1180","K02879"
"1181","K02881"
"1182","K02884"
"1183","K02886"
"1184","K02887"
"1185","K02888"
"1186","K02890"
"1187","K02892"
"1188","K02895"
"1189","K02897"
"1190","K02899"
"1191","K02902"
"1192","K02904"
"1193","K02906"
"1194","K02907"
"1195","K02909"
"1196","K02911"
"1197","K02913"
"1198","K02914"
"1199","K02916"
"1200","K02919"
"1201","K02926"
"1202","K02931"
"1203","K02933"
"1204","K02935"
"1205","K02939"
"1206","K02945"
"1207","K02946"
"1208","K02948"
"1209","K02950"
"1210","K02952"
"1211","K02954"
"1212","K02956"
"1213","K02959"
"1214","K02961"
"1215","K02963"
"1216","K02965"
"1217","K02967"
"1218","K02968"
"1219","K02970"
"1220","K02982"
"1221","K02986"
"1222","K02988"
"1223","K02990"
"1224","K02992"
"1225","K02994"
"1226","K02996"
"1227","K03040"
"1228","K03043"
"1229","K03046"
"1230","K03048"
"1231","K03060"
"1232","K03070"
"1233","K03071"
"1234","K03072"
"1235","K03073"
"1236","K03074"
"1237","K03075"
"1238","K03076"
"1239","K03077"
"1240","K03078"
"1241","K03079"
"1242","K03086"
"1243","K03087"
"1244","K03088"
"1245","K03089"
"1246","K03090"
"1247","K03091"
"1248","K03092"
"1249","K03098"
"1250","K03100"
"1251","K03101"
"1252","K03106"
"1253","K03110"
"1254","K03111"
"1255","K03112"
"1256","K03113"
"1257","K03116"
"1258","K03117"
"1259","K03118"
"1260","K03119"
"1261","K03147"
"1262","K03148"
"1263","K03149"
"1264","K03150"
"1265","K03151"
"1266","K03152"
"1267","K03154"
"1268","K03168"
"1269","K03169"
"1270","K03177"
"1271","K03179"
"1272","K03181"
"1273","K03182"
"1274","K03183"
"1275","K03184"
"1276","K03185"
"1277","K03186"
"1278","K03187"
"1279","K03188"
"1280","K03189"
"1281","K03190"
"1282","K03196"
"1283","K03204"
"1284","K03205"
"1285","K03207"
"1286","K03208"
"1287","K03210"
"1288","K03212"
"1289","K03214"
"1290","K03215"
"1291","K03216"
"1292","K03217"
"1293","K03218"
"1294","K03231"
"1295","K03269"
"1296","K03270"
"1297","K03271"
"1298","K03272"
"1299","K03273"
"1300","K03274"
"1301","K03276"
"1302","K03278"
"1303","K03281"
"1304","K03282"
"1305","K03284"
"1306","K03288"
"1307","K03290"
"1308","K03291"
"1309","K03292"
"1310","K03293"
"1311","K03294"
"1312","K03296"
"1313","K03299"
"1314","K03300"
"1315","K03303"
"1316","K03304"
"1317","K03305"
"1318","K03306"
"1319","K03307"
"1320","K03308"
"1321","K03310"
"1322","K03312"
"1323","K03313"
"1324","K03314"
"1325","K03315"
"1326","K03316"
"1327","K03319"
"1328","K03320"
"1329","K03321"
"1330","K03322"
"1331","K03324"
"1332","K03325"
"1333","K03326"
"1334","K03327"
"1335","K03328"
"1336","K03332"
"1337","K03335"
"1338","K03340"
"1339","K03381"
"1340","K03385"
"1341","K03386"
"1342","K03387"
"1343","K03388"
"1344","K03389"
"1345","K03394"
"1346","K03399"
"1347","K03402"
"1348","K03406"
"1349","K03407"
"1350","K03408"
"1351","K03409"
"1352","K03410"
"1353","K03411"
"1354","K03412"
"1355","K03413"
"1356","K03414"
"1357","K03415"
"1358","K03417"
"1359","K03424"
"1360","K03425"
"1361","K03426"
"1362","K03427"
"1363","K03429"
"1364","K03430"
"1365","K03431"
"1366","K03435"
"1367","K03436"
"1368","K03437"
"1369","K03438"
"1370","K03439"
"1371","K03442"
"1372","K03445"
"1373","K03446"
"1374","K03449"
"1375","K03451"
"1376","K03453"
"1377","K03455"
"1378","K03457"
"1379","K03458"
"1380","K03464"
"1381","K03465"
"1382","K03466"
"1383","K03468"
"1384","K03469"
"1385","K03470"
"1386","K03472"
"1387","K03473"
"1388","K03474"
"1389","K03475"
"1390","K03476"
"1391","K03477"
"1392","K03478"
"1393","K03482"
"1394","K03483"
"1395","K03484"
"1396","K03485"
"1397","K03487"
"1398","K03488"
"1399","K03490"
"1400","K03492"
"1401","K03495"
"1402","K03496"
"1403","K03497"
"1404","K03498"
"1405","K03499"
"1406","K03500"
"1407","K03501"
"1408","K03502"
"1409","K03503"
"1410","K03517"
"1411","K03518"
"1412","K03521"
"1413","K03522"
"1414","K03523"
"1415","K03524"
"1416","K03525"
"1417","K03526"
"1418","K03527"
"1419","K03528"
"1420","K03529"
"1421","K03530"
"1422","K03531"
"1423","K03532"
"1424","K03533"
"1425","K03534"
"1426","K03535"
"1427","K03536"
"1428","K03543"
"1429","K03544"
"1430","K03545"
"1431","K03546"
"1432","K03547"
"1433","K03548"
"1434","K03549"
"1435","K03550"
"1436","K03551"
"1437","K03553"
"1438","K03554"
"1439","K03555"
"1440","K03556"
"1441","K03557"
"1442","K03558"
"1443","K03559"
"1444","K03560"
"1445","K03561"
"1446","K03562"
"1447","K03563"
"1448","K03564"
"1449","K03565"
"1450","K03566"
"1451","K03567"
"1452","K03568"
"1453","K03569"
"1454","K03570"
"1455","K03571"
"1456","K03572"
"1457","K03573"
"1458","K03574"
"1459","K03575"
"1460","K03576"
"1461","K03577"
"1462","K03578"
"1463","K03579"
"1464","K03580"
"1465","K03581"
"1466","K03582"
"1467","K03583"
"1468","K03584"
"1469","K03585"
"1470","K03586"
"1471","K03587"
"1472","K03588"
"1473","K03589"
"1474","K03590"
"1475","K03591"
"1476","K03592"
"1477","K03593"
"1478","K03594"
"1479","K03595"
"1480","K03596"
"1481","K03597"
"1482","K03598"
"1483","K03599"
"1484","K03600"
"1485","K03601"
"1486","K03602"
"1487","K03603"
"1488","K03604"
"1489","K03605"
"1490","K03606"
"1491","K03607"
"1492","K03608"
"1493","K03609"
"1494","K03610"
"1495","K03611"
"1496","K03612"
"1497","K03613"
"1498","K03614"
"1499","K03615"
"1500","K03616"
"1501","K03617"
"1502","K03621"
"1503","K03623"
"1504","K03624"
"1505","K03625"
"1506","K03628"
"1507","K03629"
"1508","K03630"
"1509","K03631"
"1510","K03632"
"1511","K03633"
"1512","K03634"
"1513","K03635"
"1514","K03636"
"1515","K03637"
"1516","K03638"
"1517","K03639"
"1518","K03640"
"1519","K03641"
"1520","K03642"
"1521","K03643"
"1522","K03644"
"1523","K03645"
"1524","K03646"
"1525","K03647"
"1526","K03648"
"1527","K03649"
"1528","K03650"
"1529","K03651"
"1530","K03654"
"1531","K03655"
"1532","K03656"
"1533","K03657"
"1534","K03658"
"1535","K03660"
"1536","K03664"
"1537","K03665"
"1538","K03666"
"1539","K03667"
"1540","K03668"
"1541","K03669"
"1542","K03670"
"1543","K03671"
"1544","K03672"
"1545","K03674"
"1546","K03683"
"1547","K03684"
"1548","K03685"
"1549","K03686"
"1550","K03687"
"1551","K03688"
"1552","K03690"
"1553","K03694"
"1554","K03695"
"1555","K03696"
"1556","K03698"
"1557","K03699"
"1558","K03700"
"1559","K03701"
"1560","K03702"
"1561","K03703"
"1562","K03704"
"1563","K03705"
"1564","K03706"
"1565","K03707"
"1566","K03710"
"1567","K03711"
"1568","K03717"
"1569","K03718"
"1570","K03719"
"1571","K03720"
"1572","K03721"
"1573","K03722"
"1574","K03723"
"1575","K03726"
"1576","K03732"
"1577","K03733"
"1578","K03734"
"1579","K03735"
"1580","K03736"
"1581","K03737"
"1582","K03739"
"1583","K03741"
"1584","K03742"
"1585","K03743"
"1586","K03744"
"1587","K03745"
"1588","K03746"
"1589","K03747"
"1590","K03748"
"1591","K03749"
"1592","K03750"
"1593","K03752"
"1594","K03753"
"1595","K03756"
"1596","K03757"
"1597","K03758"
"1598","K03761"
"1599","K03762"
"1600","K03763"
"1601","K03764"
"1602","K03767"
"1603","K03768"
"1604","K03769"
"1605","K03770"
"1606","K03771"
"1607","K03772"
"1608","K03773"
"1609","K03775"
"1610","K03776"
"1611","K03777"
"1612","K03778"
"1613","K03781"
"1614","K03782"
"1615","K03783"
"1616","K03784"
"1617","K03785"
"1618","K03786"
"1619","K03787"
"1620","K03788"
"1621","K03789"
"1622","K03790"
"1623","K03796"
"1624","K03797"
"1625","K03798"
"1626","K03799"
"1627","K03800"
"1628","K03801"
"1629","K03803"
"1630","K03804"
"1631","K03805"
"1632","K03806"
"1633","K03807"
"1634","K03808"
"1635","K03809"
"1636","K03811"
"1637","K03812"
"1638","K03814"
"1639","K03816"
"1640","K03818"
"1641","K03820"
"1642","K03823"
"1643","K03824"
"1644","K03825"
"1645","K03826"
"1646","K03827"
"1647","K03828"
"1648","K03830"
"1649","K03831"
"1650","K03832"
"1651","K03833"
"1652","K03834"
"1653","K03835"
"1654","K03837"
"1655","K03838"
"1656","K03839"
"1657","K03840"
"1658","K03841"
"1659","K03851"
"1660","K03855"
"1661","K03856"
"1662","K03885"
"1663","K03892"
"1664","K03893"
"1665","K03919"
"1666","K03923"
"1667","K03924"
"1668","K03925"
"1669","K03929"
"1670","K03931"
"1671","K03970"
"1672","K03971"
"1673","K03974"
"1674","K03975"
"1675","K03976"
"1676","K03977"
"1677","K03978"
"1678","K03979"
"1679","K03980"
"1680","K03981"
"1681","K04014"
"1682","K04017"
"1683","K04021"
"1684","K04023"
"1685","K04024"
"1686","K04026"
"1687","K04027"
"1688","K04028"
"1689","K04029"
"1690","K04030"
"1691","K04031"
"1692","K04032"
"1693","K04041"
"1694","K04042"
"1695","K04043"
"1696","K04044"
"1697","K04046"
"1698","K04047"
"1699","K04061"
"1700","K04062"
"1701","K04063"
"1702","K04064"
"1703","K04065"
"1704","K04066"
"1705","K04067"
"1706","K04068"
"1707","K04069"
"1708","K04070"
"1709","K04072"
"1710","K04073"
"1711","K04074"
"1712","K04075"
"1713","K04077"
"1714","K04078"
"1715","K04079"
"1716","K04080"
"1717","K04081"
"1718","K04082"
"1719","K04083"
"1720","K04084"
"1721","K04085"
"1722","K04087"
"1723","K04088"
"1724","K04091"
"1725","K04094"
"1726","K04095"
"1727","K04096"
"1728","K04099"
"1729","K04103"
"1730","K04333"
"1731","K04335"
"1732","K04336"
"1733","K04337"
"1734","K04338"
"1735","K04343"
"1736","K04477"
"1737","K04485"
"1738","K04486"
"1739","K04487"
"1740","K04488"
"1741","K04516"
"1742","K04517"
"1743","K04518"
"1744","K04562"
"1745","K04564"
"1746","K04565"
"1747","K04567"
"1748","K04568"
"1749","K04651"
"1750","K04652"
"1751","K04653"
"1752","K04654"
"1753","K04655"
"1754","K04656"
"1755","K04691"
"1756","K04720"
"1757","K04744"
"1758","K04748"
"1759","K04749"
"1760","K04750"
"1761","K04751"
"1762","K04753"
"1763","K04754"
"1764","K04755"
"1765","K04757"
"1766","K04758"
"1767","K04759"
"1768","K04760"
"1769","K04761"
"1770","K04762"
"1771","K04763"
"1772","K04764"
"1773","K04769"
"1774","K04770"
"1775","K04771"
"1776","K04772"
"1777","K04773"
"1778","K04774"
"1779","K04775"
"1780","K04783"
"1781","K04794"
"1782","K04844"
"1783","K05245"
"1784","K05275"
"1785","K05306"
"1786","K05311"
"1787","K05340"
"1788","K05343"
"1789","K05346"
"1790","K05349"
"1791","K05350"
"1792","K05352"
"1793","K05358"
"1794","K05364"
"1795","K05365"
"1796","K05366"
"1797","K05367"
"1798","K05368"
"1799","K05375"
"1800","K05396"
"1801","K05499"
"1802","K05501"
"1803","K05515"
"1804","K05516"
"1805","K05517"
"1806","K05520"
"1807","K05522"
"1808","K05526"
"1809","K05527"
"1810","K05539"
"1811","K05540"
"1812","K05541"
"1813","K05549"
"1814","K05550"
"1815","K05567"
"1816","K05570"
"1817","K05573"
"1818","K05589"
"1819","K05590"
"1820","K05591"
"1821","K05592"
"1822","K05593"
"1823","K05594"
"1824","K05595"
"1825","K05596"
"1826","K05601"
"1827","K05685"
"1828","K05708"
"1829","K05709"
"1830","K05710"
"1831","K05712"
"1832","K05713"
"1833","K05714"
"1834","K05770"
"1835","K05774"
"1836","K05775"
"1837","K05776"
"1838","K05777"
"1839","K05780"
"1840","K05781"
"1841","K05782"
"1842","K05783"
"1843","K05784"
"1844","K05785"
"1845","K05786"
"1846","K05787"
"1847","K05788"
"1848","K05790"
"1849","K05796"
"1850","K05798"
"1851","K05799"
"1852","K05801"
"1853","K05802"
"1854","K05803"
"1855","K05807"
"1856","K05808"
"1857","K05809"
"1858","K05810"
"1859","K05811"
"1860","K05812"
"1861","K05813"
"1862","K05814"
"1863","K05815"
"1864","K05816"
"1865","K05817"
"1866","K05818"
"1867","K05819"
"1868","K05820"
"1869","K05822"
"1870","K05825"
"1871","K05832"
"1872","K05833"
"1873","K05836"
"1874","K05837"
"1875","K05838"
"1876","K05839"
"1877","K05844"
"1878","K05845"
"1879","K05846"
"1880","K05847"
"1881","K05851"
"1882","K05875"
"1883","K05876"
"1884","K05877"
"1885","K05879"
"1886","K05881"
"1887","K05887"
"1888","K05895"
"1889","K05896"
"1890","K05919"
"1891","K05934"
"1892","K05936"
"1893","K05939"
"1894","K05942"
"1895","K05946"
"1896","K05952"
"1897","K05964"
"1898","K05966"
"1899","K05967"
"1900","K05970"
"1901","K05982"
"1902","K05984"
"1903","K05985"
"1904","K05989"
"1905","K05995"
"1906","K05997"
"1907","K06001"
"1908","K06006"
"1909","K06012"
"1910","K06013"
"1911","K06016"
"1912","K06023"
"1913","K06024"
"1914","K06039"
"1915","K06041"
"1916","K06042"
"1917","K06048"
"1918","K06073"
"1919","K06074"
"1920","K06075"
"1921","K06076"
"1922","K06077"
"1923","K06078"
"1924","K06079"
"1925","K06113"
"1926","K06121"
"1927","K06122"
"1928","K06131"
"1929","K06133"
"1930","K06138"
"1931","K06140"
"1932","K06141"
"1933","K06142"
"1934","K06143"
"1935","K06144"
"1936","K06145"
"1937","K06147"
"1938","K06148"
"1939","K06149"
"1940","K06152"
"1941","K06153"
"1942","K06155"
"1943","K06156"
"1944","K06158"
"1945","K06159"
"1946","K06162"
"1947","K06164"
"1948","K06165"
"1949","K06166"
"1950","K06167"
"1951","K06168"
"1952","K06173"
"1953","K06175"
"1954","K06176"
"1955","K06177"
"1956","K06178"
"1957","K06179"
"1958","K06180"
"1959","K06181"
"1960","K06182"
"1961","K06183"
"1962","K06186"
"1963","K06187"
"1964","K06188"
"1965","K06189"
"1966","K06190"
"1967","K06191"
"1968","K06192"
"1969","K06193"
"1970","K06194"
"1971","K06195"
"1972","K06196"
"1973","K06197"
"1974","K06199"
"1975","K06200"
"1976","K06201"
"1977","K06202"
"1978","K06203"
"1979","K06204"
"1980","K06205"
"1981","K06206"
"1982","K06207"
"1983","K06209"
"1984","K06211"
"1985","K06212"
"1986","K06213"
"1987","K06214"
"1988","K06215"
"1989","K06217"
"1990","K06218"
"1991","K06219"
"1992","K06222"
"1993","K06223"
"1994","K06281"
"1995","K06282"
"1996","K06283"
"1997","K06284"
"1998","K06286"
"1999","K06287"
"2000","K06295"
"2001","K06310"
"2002","K06317"
"2003","K06320"
"2004","K06330"
"2005","K06331"
"2006","K06333"
"2007","K06334"
"2008","K06346"
"2009","K06373"
"2010","K06374"
"2011","K06378"
"2012","K06379"
"2013","K06381"
"2014","K06382"
"2015","K06383"
"2016","K06384"
"2017","K06385"
"2018","K06387"
"2019","K06390"
"2020","K06391"
"2021","K06392"
"2022","K06393"
"2023","K06394"
"2024","K06395"
"2025","K06396"
"2026","K06397"
"2027","K06398"
"2028","K06399"
"2029","K06403"
"2030","K06404"
"2031","K06405"
"2032","K06406"
"2033","K06407"
"2034","K06408"
"2035","K06409"
"2036","K06410"
"2037","K06412"
"2038","K06416"
"2039","K06438"
"2040","K06442"
"2041","K06445"
"2042","K06447"
"2043","K06518"
"2044","K06603"
"2045","K06726"
"2046","K06858"
"2047","K06859"
"2048","K06861"
"2049","K06864"
"2050","K06866"
"2051","K06871"
"2052","K06872"
"2053","K06878"
"2054","K06879"
"2055","K06881"
"2056","K06887"
"2057","K06889"
"2058","K06890"
"2059","K06891"
"2060","K06893"
"2061","K06894"
"2062","K06895"
"2063","K06897"
"2064","K06898"
"2065","K06899"
"2066","K06901"
"2067","K06902"
"2068","K06903"
"2069","K06904"
"2070","K06905"
"2071","K06907"
"2072","K06908"
"2073","K06910"
"2074","K06911"
"2075","K06915"
"2076","K06916"
"2077","K06917"
"2078","K06918"
"2079","K06919"
"2080","K06920"
"2081","K06921"
"2082","K06923"
"2083","K06925"
"2084","K06928"
"2085","K06929"
"2086","K06934"
"2087","K06938"
"2088","K06940"
"2089","K06941"
"2090","K06942"
"2091","K06946"
"2092","K06949"
"2093","K06950"
"2094","K06956"
"2095","K06957"
"2096","K06958"
"2097","K06959"
"2098","K06960"
"2099","K06962"
"2100","K06966"
"2101","K06967"
"2102","K06968"
"2103","K06969"
"2104","K06970"
"2105","K06971"
"2106","K06972"
"2107","K06973"
"2108","K06975"
"2109","K06978"
"2110","K06980"
"2111","K06987"
"2112","K06989"
"2113","K06997"
"2114","K07000"
"2115","K07001"
"2116","K07003"
"2117","K07005"
"2118","K07009"
"2119","K07010"
"2120","K07012"
"2121","K07014"
"2122","K07015"
"2123","K07023"
"2124","K07025"
"2125","K07026"
"2126","K07027"
"2127","K07030"
"2128","K07031"
"2129","K07035"
"2130","K07037"
"2131","K07039"
"2132","K07040"
"2133","K07042"
"2134","K07043"
"2135","K07045"
"2136","K07048"
"2137","K07052"
"2138","K07053"
"2139","K07054"
"2140","K07056"
"2141","K07058"
"2142","K07068"
"2143","K07070"
"2144","K07071"
"2145","K07075"
"2146","K07078"
"2147","K07079"
"2148","K07080"
"2149","K07082"
"2150","K07085"
"2151","K07088"
"2152","K07089"
"2153","K07090"
"2154","K07091"
"2155","K07095"
"2156","K07096"
"2157","K07098"
"2158","K07105"
"2159","K07106"
"2160","K07107"
"2161","K07109"
"2162","K07112"
"2163","K07113"
"2164","K07114"
"2165","K07115"
"2166","K07118"
"2167","K07120"
"2168","K07121"
"2169","K07122"
"2170","K07124"
"2171","K07126"
"2172","K07133"
"2173","K07136"
"2174","K07137"
"2175","K07139"
"2176","K07140"
"2177","K07141"
"2178","K07146"
"2179","K07148"
"2180","K07149"
"2181","K07150"
"2182","K07153"
"2183","K07154"
"2184","K07156"
"2185","K07160"
"2186","K07164"
"2187","K07165"
"2188","K07166"
"2189","K07168"
"2190","K07171"
"2191","K07173"
"2192","K07175"
"2193","K07180"
"2194","K07184"
"2195","K07186"
"2196","K07192"
"2197","K07214"
"2198","K07216"
"2199","K07220"
"2200","K07221"
"2201","K07223"
"2202","K07224"
"2203","K07225"
"2204","K07229"
"2205","K07232"
"2206","K07235"
"2207","K07236"
"2208","K07237"
"2209","K07238"
"2210","K07240"
"2211","K07243"
"2212","K07245"
"2213","K07248"
"2214","K07250"
"2215","K07251"
"2216","K07258"
"2217","K07259"
"2218","K07260"
"2219","K07261"
"2220","K07263"
"2221","K07264"
"2222","K07269"
"2223","K07271"
"2224","K07273"
"2225","K07274"
"2226","K07275"
"2227","K07277"
"2228","K07278"
"2229","K07283"
"2230","K07284"
"2231","K07285"
"2232","K07286"
"2233","K07287"
"2234","K07289"
"2235","K07290"
"2236","K07300"
"2237","K07301"
"2238","K07304"
"2239","K07305"
"2240","K07306"
"2241","K07308"
"2242","K07309"
"2243","K07310"
"2244","K07312"
"2245","K07313"
"2246","K07315"
"2247","K07316"
"2248","K07320"
"2249","K07321"
"2250","K07322"
"2251","K07323"
"2252","K07334"
"2253","K07335"
"2254","K07336"
"2255","K07337"
"2256","K07340"
"2257","K07341"
"2258","K07343"
"2259","K07345"
"2260","K07346"
"2261","K07347"
"2262","K07348"
"2263","K07350"
"2264","K07351"
"2265","K07357"
"2266","K07386"
"2267","K07387"
"2268","K07390"
"2269","K07391"
"2270","K07393"
"2271","K07397"
"2272","K07400"
"2273","K07401"
"2274","K07402"
"2275","K07404"
"2276","K07405"
"2277","K07406"
"2278","K07407"
"2279","K07443"
"2280","K07444"
"2281","K07447"
"2282","K07448"
"2283","K07451"
"2284","K07452"
"2285","K07456"
"2286","K07458"
"2287","K07459"
"2288","K07460"
"2289","K07461"
"2290","K07462"
"2291","K07464"
"2292","K07467"
"2293","K07469"
"2294","K07470"
"2295","K07473"
"2296","K07474"
"2297","K07478"
"2298","K07479"
"2299","K07480"
"2300","K07481"
"2301","K07483"
"2302","K07484"
"2303","K07490"
"2304","K07491"
"2305","K07493"
"2306","K07496"
"2307","K07497"
"2308","K07502"
"2309","K07506"
"2310","K07507"
"2311","K07533"
"2312","K07552"
"2313","K07559"
"2314","K07560"
"2315","K07566"
"2316","K07568"
"2317","K07570"
"2318","K07574"
"2319","K07576"
"2320","K07584"
"2321","K07586"
"2322","K07588"
"2323","K07589"
"2324","K07592"
"2325","K07636"
"2326","K07637"
"2327","K07638"
"2328","K07639"
"2329","K07640"
"2330","K07641"
"2331","K07642"
"2332","K07643"
"2333","K07644"
"2334","K07645"
"2335","K07646"
"2336","K07649"
"2337","K07657"
"2338","K07658"
"2339","K07659"
"2340","K07660"
"2341","K07661"
"2342","K07662"
"2343","K07663"
"2344","K07664"
"2345","K07665"
"2346","K07667"
"2347","K07668"
"2348","K07673"
"2349","K07675"
"2350","K07677"
"2351","K07678"
"2352","K07684"
"2353","K07685"
"2354","K07686"
"2355","K07688"
"2356","K07689"
"2357","K07699"
"2358","K07700"
"2359","K07701"
"2360","K07702"
"2361","K07703"
"2362","K07707"
"2363","K07708"
"2364","K07709"
"2365","K07711"
"2366","K07712"
"2367","K07715"
"2368","K07717"
"2369","K07718"
"2370","K07719"
"2371","K07720"
"2372","K07722"
"2373","K07724"
"2374","K07726"
"2375","K07727"
"2376","K07729"
"2377","K07735"
"2378","K07736"
"2379","K07738"
"2380","K07740"
"2381","K07742"
"2382","K07751"
"2383","K07757"
"2384","K07771"
"2385","K07773"
"2386","K07774"
"2387","K07777"
"2388","K07781"
"2389","K07782"
"2390","K07783"
"2391","K07784"
"2392","K07787"
"2393","K07788"
"2394","K07789"
"2395","K07791"
"2396","K07792"
"2397","K07793"
"2398","K07798"
"2399","K07799"
"2400","K07806"
"2401","K07812"
"2402","K07813"
"2403","K07814"
"2404","K07816"
"2405","K07821"
"2406","K07862"
"2407","K07979"
"2408","K08084"
"2409","K08088"
"2410","K08092"
"2411","K08137"
"2412","K08138"
"2413","K08151"
"2414","K08153"
"2415","K08156"
"2416","K08159"
"2417","K08160"
"2418","K08161"
"2419","K08162"
"2420","K08163"
"2421","K08167"
"2422","K08169"
"2423","K08172"
"2424","K08177"
"2425","K08191"
"2426","K08194"
"2427","K08195"
"2428","K08217"
"2429","K08218"
"2430","K08219"
"2431","K08222"
"2432","K08223"
"2433","K08224"
"2434","K08225"
"2435","K08227"
"2436","K08234"
"2437","K08277"
"2438","K08279"
"2439","K08281"
"2440","K08289"
"2441","K08297"
"2442","K08298"
"2443","K08299"
"2444","K08300"
"2445","K08301"
"2446","K08302"
"2447","K08303"
"2448","K08305"
"2449","K08306"
"2450","K08307"
"2451","K08308"
"2452","K08309"
"2453","K08310"
"2454","K08311"
"2455","K08312"
"2456","K08313"
"2457","K08314"
"2458","K08315"
"2459","K08316"
"2460","K08317"
"2461","K08321"
"2462","K08323"
"2463","K08324"
"2464","K08325"
"2465","K08344"
"2466","K08348"
"2467","K08349"
"2468","K08351"
"2469","K08354"
"2470","K08363"
"2471","K08364"
"2472","K08369"
"2473","K08384"
"2474","K08475"
"2475","K08476"
"2476","K08478"
"2477","K08483"
"2478","K08484"
"2479","K08485"
"2480","K08591"
"2481","K08600"
"2482","K08602"
"2483","K08641"
"2484","K08659"
"2485","K08679"
"2486","K08680"
"2487","K08681"
"2488","K08682"
"2489","K08688"
"2490","K08717"
"2491","K08722"
"2492","K08723"
"2493","K08744"
"2494","K08961"
"2495","K08963"
"2496","K08964"
"2497","K08967"
"2498","K08968"
"2499","K08970"
"2500","K08974"
"2501","K08978"
"2502","K08984"
"2503","K08990"
"2504","K08992"
"2505","K08993"
"2506","K08994"
"2507","K08996"
"2508","K08997"
"2509","K08998"
"2510","K08999"
"2511","K09001"
"2512","K09013"
"2513","K09014"
"2514","K09015"
"2515","K09016"
"2516","K09017"
"2517","K09018"
"2518","K09019"
"2519","K09020"
"2520","K09021"
"2521","K09022"
"2522","K09023"
"2523","K09024"
"2524","K09117"
"2525","K09121"
"2526","K09124"
"2527","K09125"
"2528","K09131"
"2529","K09136"
"2530","K09155"
"2531","K09157"
"2532","K09158"
"2533","K09159"
"2534","K09160"
"2535","K09161"
"2536","K09163"
"2537","K09181"
"2538","K09251"
"2539","K09384"
"2540","K09456"
"2541","K09457"
"2542","K09458"
"2543","K09470"
"2544","K09471"
"2545","K09472"
"2546","K09473"
"2547","K09474"
"2548","K09475"
"2549","K09476"
"2550","K09516"
"2551","K09612"
"2552","K09680"
"2553","K09685"
"2554","K09690"
"2555","K09691"
"2556","K09692"
"2557","K09693"
"2558","K09698"
"2559","K09702"
"2560","K09704"
"2561","K09706"
"2562","K09710"
"2563","K09712"
"2564","K09740"
"2565","K09747"
"2566","K09748"
"2567","K09749"
"2568","K09758"
"2569","K09759"
"2570","K09760"
"2571","K09761"
"2572","K09762"
"2573","K09765"
"2574","K09766"
"2575","K09767"
"2576","K09768"
"2577","K09769"
"2578","K09771"
"2579","K09772"
"2580","K09773"
"2581","K09775"
"2582","K09777"
"2583","K09779"
"2584","K09780"
"2585","K09781"
"2586","K09786"
"2587","K09787"
"2588","K09789"
"2589","K09790"
"2590","K09791"
"2591","K09797"
"2592","K09798"
"2593","K09800"
"2594","K09801"
"2595","K09802"
"2596","K09803"
"2597","K09807"
"2598","K09808"
"2599","K09810"
"2600","K09811"
"2601","K09812"
"2602","K09815"
"2603","K09816"
"2604","K09817"
"2605","K09824"
"2606","K09825"
"2607","K09857"
"2608","K09858"
"2609","K09859"
"2610","K09861"
"2611","K09862"
"2612","K09880"
"2613","K09888"
"2614","K09889"
"2615","K09890"
"2616","K09891"
"2617","K09892"
"2618","K09893"
"2619","K09894"
"2620","K09895"
"2621","K09896"
"2622","K09897"
"2623","K09898"
"2624","K09899"
"2625","K09900"
"2626","K09901"
"2627","K09902"
"2628","K09903"
"2629","K09904"
"2630","K09906"
"2631","K09908"
"2632","K09910"
"2633","K09911"
"2634","K09912"
"2635","K09913"
"2636","K09914"
"2637","K09915"
"2638","K09916"
"2639","K09917"
"2640","K09918"
"2641","K09920"
"2642","K09921"
"2643","K09922"
"2644","K09923"
"2645","K09927"
"2646","K09930"
"2647","K09932"
"2648","K09933"
"2649","K09935"
"2650","K09936"
"2651","K09937"
"2652","K09939"
"2653","K09940"
"2654","K09951"
"2655","K09955"
"2656","K09961"
"2657","K09967"
"2658","K09969"
"2659","K09970"
"2660","K09971"
"2661","K09972"
"2662","K09973"
"2663","K09974"
"2664","K09976"
"2665","K09979"
"2666","K09982"
"2667","K09994"
"2668","K09997"
"2669","K09998"
"2670","K09999"
"2671","K10000"
"2672","K10001"
"2673","K10003"
"2674","K10004"
"2675","K10006"
"2676","K10009"
"2677","K10010"
"2678","K10011"
"2679","K10012"
"2680","K10013"
"2681","K10014"
"2682","K10015"
"2683","K10016"
"2684","K10017"
"2685","K10020"
"2686","K10026"
"2687","K10036"
"2688","K10037"
"2689","K10038"
"2690","K10040"
"2691","K10107"
"2692","K10108"
"2693","K10109"
"2694","K10110"
"2695","K10111"
"2696","K10112"
"2697","K10117"
"2698","K10118"
"2699","K10119"
"2700","K10124"
"2701","K10188"
"2702","K10189"
"2703","K10192"
"2704","K10193"
"2705","K10194"
"2706","K10195"
"2707","K10206"
"2708","K10254"
"2709","K10439"
"2710","K10440"
"2711","K10441"
"2712","K10536"
"2713","K10537"
"2714","K10538"
"2715","K10539"
"2716","K10540"
"2717","K10541"
"2718","K10542"
"2719","K10544"
"2720","K10546"
"2721","K10555"
"2722","K10556"
"2723","K10557"
"2724","K10558"
"2725","K10561"
"2726","K10563"
"2727","K10680"
"2728","K10708"
"2729","K10709"
"2730","K10710"
"2731","K10716"
"2732","K10748"
"2733","K10763"
"2734","K10773"
"2735","K10778"
"2736","K10804"
"2737","K10806"
"2738","K10823"
"2739","K10824"
"2740","K10831"
"2741","K10857"
"2742","K10906"
"2743","K10907"
"2744","K10914"
"2745","K10932"
"2746","K10934"
"2747","K10947"
"2748","K10965"
"2749","K10972"
"2750","K11041"
"2751","K11050"
"2752","K11051"
"2753","K11065"
"2754","K11066"
"2755","K11068"
"2756","K11069"
"2757","K11070"
"2758","K11071"
"2759","K11072"
"2760","K11073"
"2761","K11074"
"2762","K11075"
"2763","K11076"
"2764","K11085"
"2765","K11102"
"2766","K11103"
"2767","K11104"
"2768","K11105"
"2769","K11107"
"2770","K11145"
"2771","K11175"
"2772","K11177"
"2773","K11178"
"2774","K11179"
"2775","K11183"
"2776","K11184"
"2777","K11189"
"2778","K11191"
"2779","K11192"
"2780","K11198"
"2781","K11199"
"2782","K11200"
"2783","K11201"
"2784","K11202"
"2785","K11203"
"2786","K11206"
"2787","K11208"
"2788","K11209"
"2789","K11216"
"2790","K11250"
"2791","K11258"
"2792","K11358"
"2793","K11382"
"2794","K11391"
"2795","K11392"
"2796","K11527"
"2797","K11529"
"2798","K11530"
"2799","K11531"
"2800","K11534"
"2801","K11535"
"2802","K11606"
"2803","K11617"
"2804","K11645"
"2805","K11685"
"2806","K11708"
"2807","K11717"
"2808","K11719"
"2809","K11720"
"2810","K11732"
"2811","K11733"
"2812","K11734"
"2813","K11736"
"2814","K11737"
"2815","K11738"
"2816","K11741"
"2817","K11742"
"2818","K11744"
"2819","K11745"
"2820","K11746"
"2821","K11747"
"2822","K11748"
"2823","K11749"
"2824","K11750"
"2825","K11751"
"2826","K11752"
"2827","K11753"
"2828","K11754"
"2829","K11755"
"2830","K11784"
"2831","K11891"
"2832","K11892"
"2833","K11894"
"2834","K11895"
"2835","K11900"
"2836","K11901"
"2837","K11903"
"2838","K11904"
"2839","K11905"
"2840","K11906"
"2841","K11910"
"2842","K11924"
"2843","K11925"
"2844","K11926"
"2845","K11927"
"2846","K11928"
"2847","K11929"
"2848","K11932"
"2849","K11933"
"2850","K11934"
"2851","K11935"
"2852","K11938"
"2853","K11940"
"2854","K11941"
"2855","K11960"
"2856","K11963"
"2857","K11991"
"2858","K12056"
"2859","K12057"
"2860","K12059"
"2861","K12066"
"2862","K12068"
"2863","K12132"
"2864","K12140"
"2865","K12145"
"2866","K12147"
"2867","K12149"
"2868","K12151"
"2869","K12240"
"2870","K12251"
"2871","K12257"
"2872","K12262"
"2873","K12264"
"2874","K12265"
"2875","K12266"
"2876","K12267"
"2877","K12268"
"2878","K12288"
"2879","K12289"
"2880","K12291"
"2881","K12297"
"2882","K12299"
"2883","K12308"
"2884","K12339"
"2885","K12340"
"2886","K12343"
"2887","K12368"
"2888","K12369"
"2889","K12370"
"2890","K12371"
"2891","K12372"
"2892","K12373"
"2893","K12410"
"2894","K12452"
"2895","K12506"
"2896","K12510"
"2897","K12511"
"2898","K12524"
"2899","K12527"
"2900","K12541"
"2901","K12542"
"2902","K12543"
"2903","K12573"
"2904","K12574"
"2905","K12582"
"2906","K12660"
"2907","K12661"
"2908","K12678"
"2909","K12685"
"2910","K12700"
"2911","K12940"
"2912","K12941"
"2913","K12942"
"2914","K12943"
"2915","K12944"
"2916","K12945"
"2917","K12952"
"2918","K12957"
"2919","K12960"
"2920","K12961"
"2921","K12962"
"2922","K12963"
"2923","K12972"
"2924","K12973"
"2925","K12974"
"2926","K12978"
"2927","K12981"
"2928","K12992"
"2929","K12996"
"2930","K13012"
"2931","K13014"
"2932","K13016"
"2933","K13019"
"2934","K13038"
"2935","K13043"
"2936","K13049"
"2937","K13051"
"2938","K13052"
"2939","K13053"
"2940","K13069"
"2941","K13075"
"2942","K13255"
"2943","K13256"
"2944","K13280"
"2945","K13283"
"2946","K13288"
"2947","K13292"
"2948","K13301"
"2949","K13378"
"2950","K13479"
"2951","K13497"
"2952","K13498"
"2953","K13542"
"2954","K13566"
"2955","K13570"
"2956","K13574"
"2957","K13609"
"2958","K13620"
"2959","K13626"
"2960","K13628"
"2961","K13630"
"2962","K13631"
"2963","K13632"
"2964","K13638"
"2965","K13639"
"2966","K13640"
"2967","K13641"
"2968","K13643"
"2969","K13650"
"2970","K13651"
"2971","K13652"
"2972","K13654"
"2973","K13655"
"2974","K13677"
"2975","K13683"
"2976","K13684"
"2977","K13694"
"2978","K13695"
"2979","K13727"
"2980","K13735"
"2981","K13747"
"2982","K13771"
"2983","K13788"
"2984","K13789"
"2985","K13794"
"2986","K13795"
"2987","K13821"
"2988","K13877"
"2989","K13888"
"2990","K13889"
"2991","K13890"
"2992","K13891"
"2993","K13892"
"2994","K13893"
"2995","K13894"
"2996","K13895"
"2997","K13896"
"2998","K13918"
"2999","K13919"
"3000","K13920"
"3001","K13923"
"3002","K13927"
"3003","K13928"
"3004","K13929"
"3005","K13930"
"3006","K13931"
"3007","K13932"
"3008","K13933"
"3009","K13934"
"3010","K13935"
"3011","K13938"
"3012","K13940"
"3013","K13954"
"3014","K13963"
"3015","K13979"
"3016","K13993"
"3017","K14054"
"3018","K14055"
"3019","K14056"
"3020","K14058"
"3021","K14061"
"3022","K14062"
"3023","K14063"
"3024","K14064"
"3025","K14086"
"3026","K14155"
"3027","K14170"
"3028","K14187"
"3029","K14205"
"3030","K14260"
"3031","K14261"
"3032","K14274"
"3033","K14287"
"3034","K14348"
"3035","K14392"
"3036","K14393"
"3037","K14415"
"3038","K14441"
"3039","K14445"
"3040","K14446"
"3041","K14534"
"3042","K14540"
"3043","K14591"
"3044","K14623"
"3045","K14652"
"3046","K14682"
"3047","K14731"
"3048","K14742"
"3049","K14744"
"3050","K14761"
"3051","K14983"
"3052","K15024"
"3053","K15034"
"3054","K15051"
"3055","K15256"
"3056","K15257"
"3057","K15342"
"3058","K15372"
"3059","K15396"
"3060","K15460"
"3061","K15461"
"3062","K15524"
"3063","K15527"
"3064","K15531"
"3065","K15532"
"3066","K15533"
"3067","K15536"
"3068","K15539"
"3069","K15540"
"3070","K15547"
"3071","K15548"
"3072","K15549"
"3073","K15550"
"3074","K15551"
"3075","K15552"
"3076","K15553"
"3077","K15554"
"3078","K15555"
"3079","K15576"
"3080","K15577"
"3081","K15580"
"3082","K15581"
"3083","K15582"
"3084","K15583"
"3085","K15584"
"3086","K15585"
"3087","K15586"
"3088","K15587"
"3089","K15598"
"3090","K15599"
"3091","K15600"
"3092","K15633"
"3093","K15634"
"3094","K15635"
"3095","K15722"
"3096","K15723"
"3097","K15724"
"3098","K15725"
"3099","K15726"
"3100","K15736"
"3101","K15737"
"3102","K15738"
"3103","K15770"
"3104","K15771"
"3105","K15772"
"3106","K15827"
"3107","K15828"
"3108","K15829"
"3109","K15830"
"3110","K15831"
"3111","K15832"
"3112","K15833"
"3113","K15836"
"3114","K15876"
"3115","K15921"
"3116","K15923"
"3117","K15974"
"3118","K15977"
"3119","K15984"
"3120","K15986"
"3121","K15987"
"3122","K16012"
"3123","K16013"
"3124","K16052"
"3125","K16053"
"3126","K16074"
"3127","K16077"
"3128","K16087"
"3129","K16088"
"3130","K16089"
"3131","K16090"
"3132","K16091"
"3133","K16092"
"3134","K16136"
"3135","K16137"
"3136","K16153"
"3137","K16210"
"3138","K16211"
"3139","K16212"
"3140","K16213"
"3141","K16235"
"3142","K16248"
"3143","K16263"
"3144","K16264"
"3145","K16291"
"3146","K16301"
"3147","K16322"
"3148","K16328"
"3149","K16345"
"3150","K16363"
"3151","K16370"
"3152","K16371"
"3153","K16509"
"3154","K16511"
"3155","K16692"
"3156","K16693"
"3157","K16695"
"3158","K16703"
"3159","K16704"
"3160","K16710"
"3161","K16785"
"3162","K16786"
"3163","K16787"
"3164","K16789"
"3165","K16839"
"3166","K16840"
"3167","K16841"
"3168","K16842"
"3169","K16868"
"3170","K16881"
"3171","K16898"
"3172","K16899"
"3173","K16923"
"3174","K16924"
"3175","K16927"
"3176","K17073"
"3177","K17074"
"3178","K17103"
"3179","K17195"
"3180","K17203"
"3181","K17213"
"3182","K17234"
"3183","K17247"
"3184","K17318"
"3185","K17319"
"3186","K17320"
"3187","K17398"
"3188","K17686"
"3189","K17716"
"3190","K17723"
"3191","K17733"
"3192","K17734"
"3193","K17737"
"3194","K17758"
"3195","K17759"
"3196","K17828"
"3197","K17829"
"3198","K17938"
"3199","K17950"
"3200","K17992"
"3201","K18012"
"3202","K18013"
"3203","K18014"
"3204","K18118"
"3205","K18122"
"3206","K18136"
"3207","K18138"
"3208","K18139"
"3209","K18141"
"3210","K18142"
"3211","K18146"
"3212","K18220"
"3213","K18234"
"3214","K18244"
"3215","K18324"
"3216","K18325"
"3217","K18326"
"3218","K18330"
"3219","K18331"
"3220","K18332"
"3221","K18344"
"3222","K18345"
"3223","K18349"
"3224","K18369"
"3225","K18446"
"3226","K18471"
"3227","K18475"
"3228","K18581"
"3229","K18589"
"3230","K18640"
"3231","K18657"
"3232","K18672"
"3233","K18673"
"3234","K18682"
"3235","K18691"
"3236","K18697"
"3237","K18698"
"3238","K18699"
"3239","K18704"
"3240","K18707"
"3241","K18765"
"3242","K18778"
"3243","K18785"
"3244","K18795"
"3245","K18796"
"3246","K18800"
"3247","K18828"
"3248","K18837"
"3249","K18842"
"3250","K18850"
"3251","K18887"
"3252","K18888"
"3253","K18889"
"3254","K18890"
"3255","K18918"
"3256","K18919"
"3257","K18920"
"3258","K18921"
"3259","K18922"
"3260","K18928"
"3261","K18929"
"3262","K18954"
"3263","K18979"
"3264","K18988"
"3265","K18997"
"3266","K19000"
"3267","K19002"
"3268","K19048"
"3269","K19052"
"3270","K19055"
"3271","K19068"
"3272","K19091"
"3273","K19116"
"3274","K19117"
"3275","K19118"
"3276","K19119"
"3277","K19157"
"3278","K19158"
"3279","K19162"
"3280","K19163"
"3281","K19164"
"3282","K19165"
"3283","K19166"
"3284","K19167"
"3285","K19168"
"3286","K19169"
"3287","K19170"
"3288","K19171"
"3289","K19215"
"3290","K19221"
"3291","K19222"
"3292","K19225"
"3293","K19226"
"3294","K19227"
"3295","K19228"
"3296","K19229"
"3297","K19230"
"3298","K19231"
"3299","K19234"
"3300","K19235"
"3301","K19236"
"3302","K19238"
"3303","K19265"
"3304","K19267"
"3305","K19270"
"3306","K19271"
"3307","K19285"
"3308","K19286"
"3309","K19294"
"3310","K19302"
"3311","K19303"
"3312","K19304"
"3313","K19309"
"3314","K19334"
"3315","K19337"
"3316","K19338"
"3317","K19354"
"3318","K19355"
"3319","K19405"
"3320","K19411"
"3321","K19416"
"3322","K19506"
"3323","K19509"
"3324","K19510"
"3325","K19577"
"3326","K19587"
"3327","K19591"
"3328","K19611"
"3329","K19688"
"3330","K19697"
"3331","K19701"
"3332","K19745"
"3333","K19775"
"3334","K19776"
"3335","K19784"
"3336","K19789"
"3337","K19802"
"3338","K19803"
"3339","K19804"
"3340","K19810"
"3341","K19955"
"3342","K19956"
"3343","K19997"
"3344","K20037"
"3345","K20038"
"3346","K20074"
"3347","K20116"
"3348","K20117"
"3349","K20118"
"3350","K20265"
"3351","K20276"
"3352","K20344"
"3353","K20345"
"3354","K20373"
"3355","K20444"
"3356","K20460"
"3357","K20461"
"3358","K20487"
"3359","K20488"
"3360","K20490"
"3361","K20491"
"3362","K20492"
"3363","K20509"
"3364","K20525"
"3365","K20534"
"3366","K20541"
"3367","K20542"
"3368","K20543"
"3369","K20626"
"3370","K20861"
"3371","K20862"
"3372","K20866"
"3373","K20881"
"3374","K20885"
"3375","K20904"
"3376","K20938"
"3377","K20976"
"3378","K21011"
"3379","K21021"
"3380","K21023"
"3381","K21028"
"3382","K21029"
"3383","K21030"
"3384","K21063"
"3385","K21065"
"3386","K21071"
"3387","K21084"
"3388","K21086"
"3389","K21087"
"3390","K21090"
"3391","K21140"
"3392","K21265"
"3393","K21394"
"3394","K21417"
"3395","K21430"
"3396","K21449"
"3397","K21470"
"3398","K21471"
"3399","K21472"
"3400","K21473"
"3401","K21498"
"3402","K21556"
"3403","K21557"
"3404","K21571"
"3405","K21572"
"3406","K21573"
"3407","K21574"
"3408","K21575"
"3409","K21600"
"3410","K21602"
"3411","K21636"
"3412","K21638"
"3413","K21695"
"3414","K21698"
"3415","K21755"
"3416","K21757"
"3417","K21759"
"3418","K21901"
"3419","K21903"
"3420","K21907"
"3421","K21908"
"3422","K21929"
"3423","K21948"
"3424","K21963"
"3425","K21964"
"3426","K21965"
"3427","K21966"
"3428","K21967"
"3429","K21973"
"3430","K21974"
"3431","K21975"
"3432","K21976"
"3433","K21990"
"3434","K21993"
"3435","K22010"
"3436","K22015"
"3437","K22024"
"3438","K22027"
"3439","K22041"
"3440","K22044"
"3441","K22051"
"3442","K22105"
"3443","K22110"
"3444","K22116"
"3445","K22129"
"3446","K22130"
"3447","K22132"
"3448","K22227"
"3449","K22230"
"3450","K22278"
"3451","K22293"
"3452","K22302"
"3453","K22373"
"3454","K22396"
"3455","K22397"
"3456","K22424"
"3457","K22431"
"3458","K22432"
"3459","K22441"
"3460","K22468"
"3461","K22477"
"3462","K22501"
"3463","K22601"
"3464","K22602"
"3465","K22650"
"3466","K22719"
"3467","K22720"
"3468","K22736"
"3469","K22757"
"3470","K22900"
"3471","K22901"
"3472","K22927"
"3473","K22994"
"3474","K23003"
"3475","K23004"
"3476","K23007"
